AccountID,AccountName,Email
1,Ardisj Sainsbury-Brown,asainsburybrown0@google.co.uk
2,Tadeo Ailward,tailward1@mozilla.com
3,Zollie O'Devey,zodevey2@smugmug.com
4,Clevie Skettles,cskettles3@pagesperso-orange.fr
5,Lorianne McCue,lmccue4@jugem.jp
6,Vivyan Goult,vgoult5@blogs.com
7,Randy Aldin,raldin6@youtube.com
8,Oona Duchatel,oduchatel7@army.mil
9,Ariadne Portchmouth,aportchmouth8@wisc.edu
10,Morty Spinks,mspinks9@oaic.gov.uk
11,Kari Fagge,kfaggea@mozilla.com
12,Temple Lode,tlodeb@rakuten.co.jp
13,Charmane Douch,cdouchc@loc.gov.uk
14,Fayth Teers,fteersd@homestead.com
15,Bibby Croyser,bcroysere@senate.gov
16,Bartlet Cranson,bcransonf@ow.ly
17,Miquela Withrop,mwithropg@facebook.com
18,Berky Brumbye,bbrumbyeh@surveymonkey.com
19,Augustina Wolffers,awolffersi@dailymotion.com
20,Nobe Padgham,npadghamj@japanpost.jp
21,Othella Gorgl,ogorglk@chicagotribune.com
22,Calv Litzmann,clitzmannl@technorati.com
23,Kerstin Urion,kurionm@timesonline.co.uk
24,Barton Brunt,bbruntn@unblog.fr
25,Lyndel Lewson,llewsono@jigsy.com
26,Lindsay Manicomb,lmanicombp@imageshack.us
27,Jamal O Sullivan,joq@yandex.ru
28,Cassius Matchett,cmatchettr@apache.org
29,Joice Hebard,jhebards@cisco.com
30,Cesar Tyrrell,ctyrrellt@sphinn.com
31,Reg Reditt,rredittu@zimbio.com
32,Meagan Lugsdin,mlugsdinv@illinois.edu
33,Reinaldo O'Leagham,roleaghamw@tumblr.com
34,Demetris Zanetto,dzanettox@yellowpages.com
35,Terrence Longstaff,tlongstaffy@prnewswire.com
36,Gage Harbidge,gharbidgez@sogou.com
37,Sabra Dene,sdene10@wiley.com
38,Darleen Hendrickx,dhendrickx11@ezinearticles.com
39,Thaine Tipler,ttipler12@cam.ac.uk